id,fuente,pagina,dato,alcance,url
EV01,BCP25,17,"Yape: 15,9 millones de usuarios activos mensuales y 66,49 transacciones mensuales promedio por usuario activo.",Escala del canal digital; no usuarios del banco completo.,https://www.viabcp.com/memoria-integrada
EV02,BCP25,46,"S/152,7 millones de valor mediante analítica avanzada; S/53,5 millones de beneficios con soluciones de datos.",Indicadores distintos; no se suman ni se atribuyen a ingresos auditados.,https://www.viabcp.com/memoria-integrada
EV03,BCP25,57,"Programa de ciberseguridad, evaluaciones independientes y ausencia de incidentes significativos reportados en 2025.",Ausencia autorreportada de incidentes significativos no significa ausencia de todo incidente.,https://www.viabcp.com/memoria-integrada
EV04,BCP25,45,Time to market reducido 21 %; 29 días en 70 % de casos; costo de producción tecnológica reducido 12 %.,Ámbito de entregas tecnológicas; no se extrapola a todos los procesos.,https://www.viabcp.com/memoria-integrada
EV05,BCP25,24,67 % de reclamos atendidos en 48 horas.,El 33 % restante se deriva por complemento. No prueba incumplimiento de plazo legal.,https://www.viabcp.com/memoria-integrada
EV06,BCP25,25,Reclamos por fraude digital: 48 a 33 por cada 10 000 clientes entre 2024 y 2025.,Persistencia de reclamos; no se confunde con incidentes significativos de ciberseguridad.,https://www.viabcp.com/memoria-integrada
EV07,BCP25,25,Cinco funcionalidades básicas de Yape compatibles con lectores de pantalla y primera versión accesible de Banca Móvil Android; hoja de ruta progresiva.,Cobertura en expansión. No se afirma que todo otro flujo o plataforma sea inaccesible.,https://www.viabcp.com/memoria-integrada
EV08,BCP25,51,"Comenzó el desarrollo de un marco de riesgos específicos de IA generativa, como opacidad y ética.",Marco específico en desarrollo a cierre 2025; convive con política responsable existente en p. 58.,https://www.viabcp.com/memoria-integrada
EV09,BCP25,58,"Política de IA responsable; programa de protección de datos, gestor y autogestión de consentimiento, formación y tres años sin filtraciones, robos o pérdidas reportados.",Autorreportado; no certifica cumplimiento integral.,https://www.viabcp.com/memoria-integrada
EV10,BCP25,63,"Plan de gestión de residuos, iniciativas RAEE y renovación de servidores y equipos de respaldo; reducción de energía de 4 % en sedes y 7 % en agencias.","670 toneladas son residuos sólidos totales, no RAEE. No se atribuye toda reducción energética a TI.",https://www.viabcp.com/memoria-integrada
EV11,BCP25,14,89 % de transacciones monetarias en canales digitales en Banca Personas.,No mezclar población con usuarios Yape ni total de transacciones de todo el banco.,https://www.viabcp.com/memoria-integrada
EV12,BCP25,16,"Productos crediticios gestionados digitalmente: 46,40 % en 2024 a 77,20 % en 2025; APIs y automatización en BCP Xplore.",Porcentaje del segmento Grandes Empresas y Corporaciones; no total del banco.,https://www.viabcp.com/memoria-integrada
EV13,BCP25,29,"Inclusión de 6,6 millones de personas en el sistema financiero desde 2020 por BCP y Yape.",Acumulado desde 2020; no altas exclusivamente de 2025.,https://www.viabcp.com/memoria-integrada
EV14,BCP25,51,"Programa anual de continuidad, actualización y pruebas de planes, análisis de impacto y ejercicio de crisis con ciberseguridad y deepfakes.",Evidencia de práctica reportada; no prueba pública del cumplimiento de todo RTO/RPO.,https://www.viabcp.com/memoria-integrada
