id,institucion,publicacion,anio,url,alcance
BCP25,Banco de Crédito del Perú,"Memoria Integrada 2025, versión ViaBCP de 136 páginas",2026,https://www.viabcp.com/memoria-integrada,Ejercicio 2025. Paginación del PDF aportado; p. 5 declara alcance BCP Perú. Datos autorreportados.
EXT01,PCM,Política Nacional de Transformación Digital al 2030; D. S. 085-2023-PCM,2023,https://busquedas.elperuano.pe/dispositivo/NL/2200457-5,Marco nacional; sector privado en cuanto resulte aplicable. No se impone régimen público al banco.
EXT02,BCRP,"Reporte del Sistema Nacional de Pagos y del Sector FINTECH, septiembre 2025",2025,https://www.bcrp.gob.pe/docs/Publicaciones/reporte-del-sistema-nacional-de-pagos/2025/setiembre/rspf-setiembre-2025.pdf,"591 pagos por adulto: dato anualizado al primer semestre 2025, no promedio mensual."
EXT03,INEI,"El 60,1 % de los hogares tiene conexión a Internet, 29 septiembre 2025",2025,https://www.gob.pe/institucion/inei/noticias/1254582-el-60-1-de-los-hogares-tiene-conexion-a-internet,"ENAHO II trimestre 2025. Hogares del país, no usuarios del BCP."
EXT04,BCRP,Fomentando la interoperabilidad de los pagos minoristas en el Perú,2025,https://www.bcrp.gob.pe/docs/Sistema-Pagos/articulos/estrategia-de-interoperabilidad-2025-1.pdf,Más de 186 millones de transacciones interoperables mensuales al cierre del primer semestre de 2025; tres fases implementadas.
EXT05,SBS,"Reglamento de gestión de seguridad de información y ciberseguridad, Resolución 504-2021",2021,https://busquedas.elperuano.pe/dispositivo/NL/1929393-1,Norma y evidencia de exigencias de controles. No mide número de ataques ni demuestra infracción del BCP.
EXT06,MINAM,"Régimen Especial de Gestión y Manejo de RAEE, D. S. 009-2019-MINAM",2019,https://sinia.minam.gob.pe/normas/aprueban-regimen-especial-gestion-manejo-residuos-aparatos-electricos,"Ver responsabilidades correspondientes al generador, no al productor."
EXT07,MINAM,"Más de 14 000 toneladas de RAEE recolectadas a nivel nacional, 12 octubre 2024",2024,https://www.gob.pe/institucion/minam/noticias/1038227-minam-mas-de-14-000-toneladas-de-residuos-de-aparatos-electricos-y-electronicos-se-recolectaron-a-nivel-nacional,Antecedente 2022: 14 732 toneladas y 21 sistemas. No corresponde al volumen del BCP.
EXT08,MINJUSDH / ANPD,Entrada en vigencia del Reglamento de Protección de Datos Personales,2025,https://www.gob.pe/institucion/minjus/noticias/1133500-entrara-en-vigencia-la-nueva-regulacion-sobre-el-consentimiento-expreso-de-las-personas-para-recibir-llamadas-publicitarias,"Vigencia 31 marzo 2025; plazo de 48 horas para determinados incidentes, no todo evento."
EXT09,ANPD,D. S. 016-2024-JUS,2024,https://www.gob.pe/institucion/anpd/normas-legales/6554453-n-016-2024-jus,Reglamento de la Ley 29733; no se declara cumplimiento integral sin auditoría.
