id,Tipo,Factores cruzados,Estrategia,Objetivo_id,Objetivo al que apunta,Proyecto_id,Proyecto candidato,Prioridad preliminar,Estado,peso_factores,bono_tipo,puntaje,orden
E-06,FA,F3 + A3 + A4,Usar gobierno de seguridad (F3) frente a exigencias de datos (A3) y gestión RAEE (A4) para asegurar trazabilidad de bajas de equipos y eliminación controlada de información.,OBJ-05,Asegurar trazabilidad y protección de datos durante la baja tecnológica.,P-06,Inventario y baja segura de activos tecnológicos,Orden 1 según puntaje,Propuesta académica; no proyecto aprobado por BCP,0.400,1.20,0.480,1
E-10,DA,D2 + A1,"Reducir reclamos residuales por fraude (D2) frente a amenazas digitales (A1), aplicando detección por segmento y alertas adaptativas con evaluación de falsos positivos.",OBJ-04,Reducir impacto de fraude y ataques en canales digitales.,P-10,Detección adaptativa y evaluación de falsos positivos,Orden 2 según puntaje,Propuesta académica; no proyecto aprobado por BCP,0.320,1.35,0.432,2
E-12,DA,D4 + A3,"Madurar el marco de riesgos de IA generativa (D4) para mitigar exposición de datos (A3), integrando controles de finalidad, consentimiento y revisión humana durante el ciclo de modelos.",OBJ-07,Gobernar modelos y agentes de IA en servicios digitales.,P-12,Controles de datos y consentimiento para IA,Orden 3 según puntaje,Propuesta académica; no proyecto aprobado por BCP,0.280,1.35,0.378,3
E-04,FA,F3 + A1,"Usar ciberseguridad y continuidad (F3) para mitigar amenazas digitales (A1), ampliando ejercicios y detección de nuevas modalidades de fraude con medición de eficacia.",OBJ-04,Reducir impacto de fraude y ataques en canales digitales.,P-04,Evolución de detección y respuesta a fraude,Orden 4 según puntaje,Propuesta académica; no proyecto aprobado por BCP,0.300,1.20,0.360,4
E-08,DO,D3 + O1 + O3,"Cerrar progresivamente la brecha candidata de accesibilidad (D3), aprovechando impulso digital (O1) y acceso a internet (O3), con inventario de flujos y pruebas con usuarios.",OBJ-03,Ampliar acceso efectivo a servicios digitales.,P-08,Ampliación de cobertura accesible y auditoría de flujos,Orden 5 según puntaje,Propuesta académica; no proyecto aprobado por BCP,0.320,1.10,0.352,5
E-07,DO,D1 + O2,"Reducir la brecha de atención de reclamos (D1) ante crecimiento de pagos (O2), automatizando clasificación y seguimiento con control humano y medición de tiempos.",OBJ-06,Mejorar oportunidad y trazabilidad de reclamos.,P-07,Automatización y seguimiento de reclamos,Orden 6 según puntaje,Propuesta académica; no proyecto aprobado por BCP,0.300,1.10,0.330,6
E-03,FO,F4 + O1 + O3,"Usar entrega ágil (F4), impulso digital nacional (O1) y acceso creciente (O3) para pilotar servicios inclusivos con pruebas de accesibilidad en cada entrega.",OBJ-03,Ampliar acceso efectivo a servicios digitales.,P-03,Pilotos inclusivos y pruebas de accesibilidad,Orden 7 según puntaje,Propuesta académica; no proyecto aprobado por BCP,0.300,1.00,0.300,7
E-11,DA,D3 + A2,"Reducir cobertura accesible aún en evolución (D3) ante barreras de conectividad (A2), combinando formatos accesibles y soporte asistido con pruebas por territorio y condición de acceso.",OBJ-03,Ampliar acceso efectivo a servicios digitales.,P-11,Accesibilidad y pruebas de atención en conectividad limitada,Orden 8 según puntaje,Propuesta académica; no proyecto aprobado por BCP,0.220,1.35,0.297,8
E-05,FA,F1 + A2,"Usar la escala del ecosistema digital (F1) para mitigar exclusión por conectividad (A2), diseñando rutas de bajo consumo y atención asistida enlazadas al canal digital.",OBJ-03,Ampliar acceso efectivo a servicios digitales.,P-05,Canales ligeros y continuidad de atención asistida,Orden 9 según puntaje,Propuesta académica; no proyecto aprobado por BCP,0.220,1.20,0.264,9
E-09,DO,D4 + O4,"Madurar el marco específico de riesgos de IA generativa (D4) para aprovechar integración digital (O4), incorporando evaluación de modelos y control de agentes antes de desplegarlos en servicios conectados.",OBJ-07,Gobernar modelos y agentes de IA en servicios digitales.,P-09,Marco de riesgo y evaluación de agentes de IA,Orden 10 según puntaje,Propuesta académica; no proyecto aprobado por BCP,0.240,1.10,0.264,10
E-01,FO,F1 + O2,Aprovechar la escala digital (F1) y expansión de demanda de pagos (O2) para ampliar la capacidad y observabilidad de pagos en segmentos prioritarios.,OBJ-01,Sostener crecimiento digital con calidad de servicio.,P-01,Capacidad y observabilidad de pagos,Orden 11 según puntaje,Propuesta académica; no proyecto aprobado por BCP,0.240,1.00,0.240,11
E-02,FO,F2 + O4,Usar la analítica (F2) ante integración del ecosistema de pagos (O4) para monitorear recorridos y detectar fricciones de transacciones entre participantes.,OBJ-02,Reducir fricciones en servicios integrados.,P-02,Analítica de recorridos de pagos e integración,Orden 12 según puntaje,Propuesta académica; no proyecto aprobado por BCP,0.220,1.00,0.220,12
