id,Evidencia del diagnóstico,Sección de origen,Fuente,Página BCP,URL evidencia,Factor F/D/O/A,Estrategia,Objetivo (Sección 6.2),Proyecto (Sección 7.1),Estado
TR-01,"Yape: 15,9 millones de usuarios activos mensuales y 66,49 transacciones mensuales promedio por usuario activo. / 89 % de transacciones monetarias en canales digitales en Banca Personas.",3.1 Diagnóstico interno,EV01; EV11,17 / 14,https://www.viabcp.com/memoria-integrada,F1,E-01,OBJ-01 Sostener crecimiento digital con calidad de servicio.,P-01 Capacidad y observabilidad de pagos,Objetivo y proyecto candidatos; destinos 6.2/7.1 aún no formalizados
TR-02,"591 pagos digitales por adulto anualizados al primer semestre 2025: aproximadamente 1,6 diarios. Respuesta: Uso masivo de Yape y 89 % digital en transacciones monetarias de Banca Personas: capacidad efectiva frente a demanda de pagos. Valoración 3 por acciones concretas y resultados o cobertura descritos. No se asigna 4 sin demostración comparativa más sólida.",3.2 / 3.3 PESTEL,EXT02 / EV01; EV11,17 / 14,https://www.bcrp.gob.pe/docs/Publicaciones/reporte-del-sistema-nacional-de-pagos/2025/setiembre/rspf-setiembre-2025.pdf ; https://www.viabcp.com/memoria-integrada,O2,E-01,OBJ-01 Sostener crecimiento digital con calidad de servicio.,P-01 Capacidad y observabilidad de pagos,Objetivo y proyecto candidatos; destinos 6.2/7.1 aún no formalizados
TR-03,"S/152,7 millones de valor mediante analítica avanzada; S/53,5 millones de beneficios con soluciones de datos.",3.1 Diagnóstico interno,EV02,46,https://www.viabcp.com/memoria-integrada,F2,E-02,OBJ-02 Reducir fricciones en servicios integrados.,P-02 Analítica de recorridos de pagos e integración,Objetivo y proyecto candidatos; destinos 6.2/7.1 aún no formalizados
TR-04,"Más de 186 millones de transacciones interoperables mensuales al cierre del primer semestre 2025; tres fases implementadas. Respuesta: APIs de Xplore y modernización de Telecrédito documentan capacidad de integración. Respuesta relacionada, sin afirmar cumplimiento integral de fases BCRP ni medir interoperabilidad específica. Valoración 3 por acciones concretas y resultados o cobertura descritos. No se asigna 4 sin demostración comparativa más sólida.",3.2 / 3.3 PESTEL,EXT04 / EV12,16,https://www.bcrp.gob.pe/docs/Sistema-Pagos/articulos/estrategia-de-interoperabilidad-2025-1.pdf ; https://www.viabcp.com/memoria-integrada,O4,E-02,OBJ-02 Reducir fricciones en servicios integrados.,P-02 Analítica de recorridos de pagos e integración,Objetivo y proyecto candidatos; destinos 6.2/7.1 aún no formalizados
TR-05,Time to market reducido 21 %; 29 días en 70 % de casos; costo de producción tecnológica reducido 12 %.,3.1 Diagnóstico interno,EV04,45,https://www.viabcp.com/memoria-integrada,F4,E-03,OBJ-03 Ampliar acceso efectivo a servicios digitales.,P-03 Pilotos inclusivos y pruebas de accesibilidad,Objetivo y proyecto candidatos; destinos 6.2/7.1 aún no formalizados
TR-06,"Política aprobada en 2023 con horizonte 2030. Es una cifra normativa, no estadística de impacto. Respuesta: Inclusión acumulada de 6,6 millones de personas: respuesta pertinente y ejecutada al impulso digital nacional. Valoración 3 por acciones concretas y resultados o cobertura descritos. No se asigna 4 sin demostración comparativa más sólida.",3.2 / 3.3 PESTEL,EXT01 / EV13,29,https://busquedas.elperuano.pe/dispositivo/NL/2200457-5 ; https://www.viabcp.com/memoria-integrada,O1,E-03,OBJ-03 Ampliar acceso efectivo a servicios digitales.,P-03 Pilotos inclusivos y pruebas de accesibilidad,Objetivo y proyecto candidatos; destinos 6.2/7.1 aún no formalizados
TR-07,"60,1 % de hogares con internet en II trimestre 2025 frente a 57,9 % un año antes. Respuesta: Funciones accesibles y Banca Móvil Android adaptada: respuesta operativa al acceso digital; no se afirma cobertura total. Valoración 3 por acciones concretas y resultados o cobertura descritos. No se asigna 4 sin demostración comparativa más sólida.",3.2 / 3.3 PESTEL,EXT03 / EV07,25,https://www.gob.pe/institucion/inei/noticias/1254582-el-60-1-de-los-hogares-tiene-conexion-a-internet ; https://www.viabcp.com/memoria-integrada,O3,E-03,OBJ-03 Ampliar acceso efectivo a servicios digitales.,P-03 Pilotos inclusivos y pruebas de accesibilidad,Objetivo y proyecto candidatos; destinos 6.2/7.1 aún no formalizados
TR-08,"Programa de ciberseguridad, evaluaciones independientes y ausencia de incidentes significativos reportados en 2025. / Programa anual de continuidad, actualización y pruebas de planes, análisis de impacto y ejercicio de crisis con ciberseguridad y deepfakes.",3.1 Diagnóstico interno,EV03; EV14,57 / 51,https://www.viabcp.com/memoria-integrada,F3,E-04,OBJ-04 Reducir impacto de fraude y ataques en canales digitales.,P-04 Evolución de detección y respuesta a fraude,Objetivo y proyecto candidatos; destinos 6.2/7.1 aún no formalizados
TR-09,"SBS aprobó el reglamento de seguridad y ciberseguridad en 2021. Fecha normativa, no estadística de ataques; contrastada con riesgo digital reportado por BCP, p. 51. Respuesta: Disminución de reclamos por fraude, programa y ejercicios: respuesta efectiva documentada con riesgo residual. Valoración 3 por acciones concretas y resultados o cobertura descritos. No se asigna 4 sin demostración comparativa más sólida.",3.2 / 3.3 PESTEL,EXT05 / EV06; EV03; EV14,25 / 57 / 51,https://busquedas.elperuano.pe/dispositivo/NL/1929393-1 ; https://www.viabcp.com/memoria-integrada,A1,E-04,OBJ-04 Reducir impacto de fraude y ataques en canales digitales.,P-04 Evolución de detección y respuesta a fraude,Objetivo y proyecto candidatos; destinos 6.2/7.1 aún no formalizados
TR-10,"Yape: 15,9 millones de usuarios activos mensuales y 66,49 transacciones mensuales promedio por usuario activo. / 89 % de transacciones monetarias en canales digitales en Banca Personas.",3.1 Diagnóstico interno,EV01; EV11,17 / 14,https://www.viabcp.com/memoria-integrada,F1,E-05,OBJ-03 Ampliar acceso efectivo a servicios digitales.,P-05 Canales ligeros y continuidad de atención asistida,Objetivo y proyecto candidatos; destinos 6.2/7.1 aún no formalizados
TR-11,"61,6 % de hogares del resto urbano y 23,6 % rurales con internet, II trimestre 2025. Respuesta: Bloqueo de emergencia mediante 10,3 mil agentes incluso sin dispositivo móvil y accesibilidad: mitigación asistida documentada, sin afirmar eliminación de brecha rural. Valoración 3 por acciones concretas y resultados o cobertura descritos. No se asigna 4 sin demostración comparativa más sólida.",3.2 / 3.3 PESTEL,EXT03 / EV06; EV07,25 / 25,https://www.gob.pe/institucion/inei/noticias/1254582-el-60-1-de-los-hogares-tiene-conexion-a-internet ; https://www.viabcp.com/memoria-integrada,A2,E-05,OBJ-03 Ampliar acceso efectivo a servicios digitales.,P-05 Canales ligeros y continuidad de atención asistida,Objetivo y proyecto candidatos; destinos 6.2/7.1 aún no formalizados
TR-12,"Programa de ciberseguridad, evaluaciones independientes y ausencia de incidentes significativos reportados en 2025. / Programa anual de continuidad, actualización y pruebas de planes, análisis de impacto y ejercicio de crisis con ciberseguridad y deepfakes.",3.1 Diagnóstico interno,EV03; EV14,57 / 51,https://www.viabcp.com/memoria-integrada,F3,E-06,OBJ-05 Asegurar trazabilidad y protección de datos durante la baja tecnológica.,P-06 Inventario y baja segura de activos tecnológicos,Objetivo y proyecto candidatos; destinos 6.2/7.1 aún no formalizados
TR-13,"Nuevo reglamento vigente desde 31 marzo 2025; notificación en 48 horas para determinados incidentes. Respuesta: Gestor de consentimiento, capacitación y programa de datos: respuesta concreta a exigencias de datos; no equivale a auditoría de cumplimiento. Valoración 3 por acciones concretas y resultados o cobertura descritos. No se asigna 4 sin demostración comparativa más sólida.",3.2 / 3.3 PESTEL,EXT08; EXT09 / EV09,58,https://www.gob.pe/institucion/minjus/noticias/1133500-entrara-en-vigencia-la-nueva-regulacion-sobre-el-consentimiento-expreso-de-las-personas-para-recibir-llamadas-publicitarias ; https://www.gob.pe/institucion/anpd/normas-legales/6554453-n-016-2024-jus ; https://www.viabcp.com/memoria-integrada,A3,E-06,OBJ-05 Asegurar trazabilidad y protección de datos durante la baja tecnológica.,P-06 Inventario y baja segura de activos tecnológicos,Objetivo y proyecto candidatos; destinos 6.2/7.1 aún no formalizados
TR-14,"MINAM: 14 732 toneladas recolectadas mediante 21 sistemas en 2022, reportadas en 2024; régimen RAEE de 2019. Respuesta: Plan de gestión de residuos, iniciativas RAEE y renovación tecnológica: respuesta organizada; falta evidencia pública detallada de cada entrega. Valoración 3 por acciones concretas y resultados o cobertura descritos. No se asigna 4 sin demostración comparativa más sólida.",3.2 / 3.3 PESTEL,EXT06; EXT07 / EV10,63,https://sinia.minam.gob.pe/normas/aprueban-regimen-especial-gestion-manejo-residuos-aparatos-electricos ; https://www.gob.pe/institucion/minam/noticias/1038227-minam-mas-de-14-000-toneladas-de-residuos-de-aparatos-electricos-y-electronicos-se-recolectaron-a-nivel-nacional ; https://www.viabcp.com/memoria-integrada,A4,E-06,OBJ-05 Asegurar trazabilidad y protección de datos durante la baja tecnológica.,P-06 Inventario y baja segura de activos tecnológicos,Objetivo y proyecto candidatos; destinos 6.2/7.1 aún no formalizados
TR-15,67 % de reclamos atendidos en 48 horas.,3.1 Diagnóstico interno,EV05,24,https://www.viabcp.com/memoria-integrada,D1,E-07,OBJ-06 Mejorar oportunidad y trazabilidad de reclamos.,P-07 Automatización y seguimiento de reclamos,Objetivo y proyecto candidatos; destinos 6.2/7.1 aún no formalizados
TR-16,"591 pagos digitales por adulto anualizados al primer semestre 2025: aproximadamente 1,6 diarios. Respuesta: Uso masivo de Yape y 89 % digital en transacciones monetarias de Banca Personas: capacidad efectiva frente a demanda de pagos. Valoración 3 por acciones concretas y resultados o cobertura descritos. No se asigna 4 sin demostración comparativa más sólida.",3.2 / 3.3 PESTEL,EXT02 / EV01; EV11,17 / 14,https://www.bcrp.gob.pe/docs/Publicaciones/reporte-del-sistema-nacional-de-pagos/2025/setiembre/rspf-setiembre-2025.pdf ; https://www.viabcp.com/memoria-integrada,O2,E-07,OBJ-06 Mejorar oportunidad y trazabilidad de reclamos.,P-07 Automatización y seguimiento de reclamos,Objetivo y proyecto candidatos; destinos 6.2/7.1 aún no formalizados
TR-17,Cinco funcionalidades básicas de Yape compatibles con lectores de pantalla y primera versión accesible de Banca Móvil Android; hoja de ruta progresiva.,3.1 Diagnóstico interno,EV07,25,https://www.viabcp.com/memoria-integrada,D3,E-08,OBJ-03 Ampliar acceso efectivo a servicios digitales.,P-08 Ampliación de cobertura accesible y auditoría de flujos,Objetivo y proyecto candidatos; destinos 6.2/7.1 aún no formalizados
TR-18,"Política aprobada en 2023 con horizonte 2030. Es una cifra normativa, no estadística de impacto. Respuesta: Inclusión acumulada de 6,6 millones de personas: respuesta pertinente y ejecutada al impulso digital nacional. Valoración 3 por acciones concretas y resultados o cobertura descritos. No se asigna 4 sin demostración comparativa más sólida.",3.2 / 3.3 PESTEL,EXT01 / EV13,29,https://busquedas.elperuano.pe/dispositivo/NL/2200457-5 ; https://www.viabcp.com/memoria-integrada,O1,E-08,OBJ-03 Ampliar acceso efectivo a servicios digitales.,P-08 Ampliación de cobertura accesible y auditoría de flujos,Objetivo y proyecto candidatos; destinos 6.2/7.1 aún no formalizados
TR-19,"60,1 % de hogares con internet en II trimestre 2025 frente a 57,9 % un año antes. Respuesta: Funciones accesibles y Banca Móvil Android adaptada: respuesta operativa al acceso digital; no se afirma cobertura total. Valoración 3 por acciones concretas y resultados o cobertura descritos. No se asigna 4 sin demostración comparativa más sólida.",3.2 / 3.3 PESTEL,EXT03 / EV07,25,https://www.gob.pe/institucion/inei/noticias/1254582-el-60-1-de-los-hogares-tiene-conexion-a-internet ; https://www.viabcp.com/memoria-integrada,O3,E-08,OBJ-03 Ampliar acceso efectivo a servicios digitales.,P-08 Ampliación de cobertura accesible y auditoría de flujos,Objetivo y proyecto candidatos; destinos 6.2/7.1 aún no formalizados
TR-20,"Comenzó el desarrollo de un marco de riesgos específicos de IA generativa, como opacidad y ética. / Política de IA responsable; programa de protección de datos, gestor y autogestión de consentimiento, formación y tres años sin filtraciones, robos o pérdidas reportados.",3.1 Diagnóstico interno,EV08; EV09,51 / 58,https://www.viabcp.com/memoria-integrada,D4,E-09,OBJ-07 Gobernar modelos y agentes de IA en servicios digitales.,P-09 Marco de riesgo y evaluación de agentes de IA,Objetivo y proyecto candidatos; destinos 6.2/7.1 aún no formalizados
TR-21,"Más de 186 millones de transacciones interoperables mensuales al cierre del primer semestre 2025; tres fases implementadas. Respuesta: APIs de Xplore y modernización de Telecrédito documentan capacidad de integración. Respuesta relacionada, sin afirmar cumplimiento integral de fases BCRP ni medir interoperabilidad específica. Valoración 3 por acciones concretas y resultados o cobertura descritos. No se asigna 4 sin demostración comparativa más sólida.",3.2 / 3.3 PESTEL,EXT04 / EV12,16,https://www.bcrp.gob.pe/docs/Sistema-Pagos/articulos/estrategia-de-interoperabilidad-2025-1.pdf ; https://www.viabcp.com/memoria-integrada,O4,E-09,OBJ-07 Gobernar modelos y agentes de IA en servicios digitales.,P-09 Marco de riesgo y evaluación de agentes de IA,Objetivo y proyecto candidatos; destinos 6.2/7.1 aún no formalizados
TR-22,Reclamos por fraude digital: 48 a 33 por cada 10 000 clientes entre 2024 y 2025.,3.1 Diagnóstico interno,EV06,25,https://www.viabcp.com/memoria-integrada,D2,E-10,OBJ-04 Reducir impacto de fraude y ataques en canales digitales.,P-10 Detección adaptativa y evaluación de falsos positivos,Objetivo y proyecto candidatos; destinos 6.2/7.1 aún no formalizados
TR-23,"SBS aprobó el reglamento de seguridad y ciberseguridad en 2021. Fecha normativa, no estadística de ataques; contrastada con riesgo digital reportado por BCP, p. 51. Respuesta: Disminución de reclamos por fraude, programa y ejercicios: respuesta efectiva documentada con riesgo residual. Valoración 3 por acciones concretas y resultados o cobertura descritos. No se asigna 4 sin demostración comparativa más sólida.",3.2 / 3.3 PESTEL,EXT05 / EV06; EV03; EV14,25 / 57 / 51,https://busquedas.elperuano.pe/dispositivo/NL/1929393-1 ; https://www.viabcp.com/memoria-integrada,A1,E-10,OBJ-04 Reducir impacto de fraude y ataques en canales digitales.,P-10 Detección adaptativa y evaluación de falsos positivos,Objetivo y proyecto candidatos; destinos 6.2/7.1 aún no formalizados
TR-24,Cinco funcionalidades básicas de Yape compatibles con lectores de pantalla y primera versión accesible de Banca Móvil Android; hoja de ruta progresiva.,3.1 Diagnóstico interno,EV07,25,https://www.viabcp.com/memoria-integrada,D3,E-11,OBJ-03 Ampliar acceso efectivo a servicios digitales.,P-11 Accesibilidad y pruebas de atención en conectividad limitada,Objetivo y proyecto candidatos; destinos 6.2/7.1 aún no formalizados
TR-25,"61,6 % de hogares del resto urbano y 23,6 % rurales con internet, II trimestre 2025. Respuesta: Bloqueo de emergencia mediante 10,3 mil agentes incluso sin dispositivo móvil y accesibilidad: mitigación asistida documentada, sin afirmar eliminación de brecha rural. Valoración 3 por acciones concretas y resultados o cobertura descritos. No se asigna 4 sin demostración comparativa más sólida.",3.2 / 3.3 PESTEL,EXT03 / EV06; EV07,25 / 25,https://www.gob.pe/institucion/inei/noticias/1254582-el-60-1-de-los-hogares-tiene-conexion-a-internet ; https://www.viabcp.com/memoria-integrada,A2,E-11,OBJ-03 Ampliar acceso efectivo a servicios digitales.,P-11 Accesibilidad y pruebas de atención en conectividad limitada,Objetivo y proyecto candidatos; destinos 6.2/7.1 aún no formalizados
TR-26,"Comenzó el desarrollo de un marco de riesgos específicos de IA generativa, como opacidad y ética. / Política de IA responsable; programa de protección de datos, gestor y autogestión de consentimiento, formación y tres años sin filtraciones, robos o pérdidas reportados.",3.1 Diagnóstico interno,EV08; EV09,51 / 58,https://www.viabcp.com/memoria-integrada,D4,E-12,OBJ-07 Gobernar modelos y agentes de IA en servicios digitales.,P-12 Controles de datos y consentimiento para IA,Objetivo y proyecto candidatos; destinos 6.2/7.1 aún no formalizados
TR-27,"Nuevo reglamento vigente desde 31 marzo 2025; notificación en 48 horas para determinados incidentes. Respuesta: Gestor de consentimiento, capacitación y programa de datos: respuesta concreta a exigencias de datos; no equivale a auditoría de cumplimiento. Valoración 3 por acciones concretas y resultados o cobertura descritos. No se asigna 4 sin demostración comparativa más sólida.",3.2 / 3.3 PESTEL,EXT08; EXT09 / EV09,58,https://www.gob.pe/institucion/minjus/noticias/1133500-entrara-en-vigencia-la-nueva-regulacion-sobre-el-consentimiento-expreso-de-las-personas-para-recibir-llamadas-publicitarias ; https://www.gob.pe/institucion/anpd/normas-legales/6554453-n-016-2024-jus ; https://www.viabcp.com/memoria-integrada,A3,E-12,OBJ-07 Gobernar modelos y agentes de IA en servicios digitales.,P-12 Controles de datos y consentimiento para IA,Objetivo y proyecto candidatos; destinos 6.2/7.1 aún no formalizados
